-- ============================================================
-- 物联网充电桩智能运营平台 — 初始化测试数据
-- 数据库：iot_charge_platform
-- 说明：先执行 DESIGN.md 第3章完整 DDL 建表，再执行本文件插入测试数据
-- ============================================================

USE iot_charge_platform;

-- ============================================================
-- 1. 充电站测试数据（5个站）
-- ============================================================
INSERT INTO station (id, name, address, longitude, latitude, business_hours, contact, status) VALUES
(1, '朝阳区新能源充电站',  '北京市朝阳区建国路88号',     116.4612345, 39.9098765, '00:00-24:00', '010-88881001', 1),
(2, '海淀区科技园充电站',  '北京市海淀区中关村大街15号',  116.3167890, 39.9832109, '06:00-23:00', '010-88881002', 1),
(3, '西城区金融街充电站',  '北京市西城区金融街7号',       116.3601234, 39.9154321, '00:00-24:00', '010-88881003', 1),
(4, '东城区王府井充电站',  '北京市东城区王府井大街201号', 116.4112345, 39.9187654, '07:00-22:00', '010-88881004', 1),
(5, '丰台区总部基地充电站', '北京市丰台区南四环西路188号', 116.2876543, 39.8390123, '00:00-24:00', '010-88881005', 1);

-- ============================================================
-- 2. 充电桩测试数据（每个站20台，共100台）
--    状态分布：70台空闲 + 10台充电中 + 10台离线 + 5台故障 + 5台锁定
-- ============================================================

-- === 朝阳区新能源充电站 (station_id=1, 20台) ===
INSERT INTO charger (id, sn, name, station_id, power, status, last_online_time) VALUES
(1,  'CHARGER-001', '朝阳-1号桩',  1, 7.00, 1, NOW()),
(2,  'CHARGER-002', '朝阳-2号桩',  1, 7.00, 1, NOW()),
(3,  'CHARGER-003', '朝阳-3号桩',  1, 7.00, 1, NOW()),
(4,  'CHARGER-004', '朝阳-4号桩',  1, 7.00, 1, NOW()),
(5,  'CHARGER-005', '朝阳-5号桩',  1, 7.00, 1, NOW()),
(6,  'CHARGER-006', '朝阳-6号桩',  1, 7.00, 1, NOW()),
(7,  'CHARGER-007', '朝阳-7号桩',  1, 7.00, 1, NOW()),
(8,  'CHARGER-008', '朝阳-8号桩',  1, 7.00, 1, NOW()),
(9,  'CHARGER-009', '朝阳-9号桩',  1, 30.00, 1, NOW()),
(10, 'CHARGER-010', '朝阳-10号快充', 1, 60.00, 1, NOW()),
(11, 'CHARGER-011', '朝阳-11号快充', 1, 60.00, 2, NOW()),
(12, 'CHARGER-012', '朝阳-12号快充', 1, 60.00, 2, NOW()),
(13, 'CHARGER-013', '朝阳-13号桩', 1, 7.00, 1, NOW()),
(14, 'CHARGER-014', '朝阳-14号桩', 1, 7.00, 0, NOW()),
(15, 'CHARGER-015', '朝阳-15号桩', 1, 7.00, 0, NOW()),
(16, 'CHARGER-016', '朝阳-16号桩', 1, 7.00, 3, NOW()),
(17, 'CHARGER-017', '朝阳-17号桩', 1, 7.00, 1, NOW()),
(18, 'CHARGER-018', '朝阳-18号桩', 1, 7.00, 4, NOW()),
(19, 'CHARGER-019', '朝阳-19号桩', 1, 7.00, 1, NOW()),
(20, 'CHARGER-020', '朝阳-20号快充', 1, 60.00, 1, NOW());

-- === 海淀区科技园充电站 (station_id=2, 20台) ===
INSERT INTO charger (id, sn, name, station_id, power, status, last_online_time) VALUES
(21, 'CHARGER-021', '海淀-1号桩',  2, 7.00, 1, NOW()),
(22, 'CHARGER-022', '海淀-2号桩',  2, 7.00, 1, NOW()),
(23, 'CHARGER-023', '海淀-3号桩',  2, 7.00, 1, NOW()),
(24, 'CHARGER-024', '海淀-4号桩',  2, 7.00, 1, NOW()),
(25, 'CHARGER-025', '海淀-5号桩',  2, 7.00, 1, NOW()),
(26, 'CHARGER-026', '海淀-6号桩',  2, 7.00, 1, NOW()),
(27, 'CHARGER-027', '海淀-7号桩',  2, 7.00, 1, NOW()),
(28, 'CHARGER-028', '海淀-8号桩',  2, 7.00, 1, NOW()),
(29, 'CHARGER-029', '海淀-9号桩',  2, 30.00, 1, NOW()),
(30, 'CHARGER-030', '海淀-10号快充', 2, 60.00, 1, NOW()),
(31, 'CHARGER-031', '海淀-11号快充', 2, 60.00, 2, NOW()),
(32, 'CHARGER-032', '海淀-12号快充', 2, 60.00, 2, NOW()),
(33, 'CHARGER-033', '海淀-13号桩', 2, 7.00, 1, NOW()),
(34, 'CHARGER-034', '海淀-14号桩', 2, 7.00, 0, NOW()),
(35, 'CHARGER-035', '海淀-15号桩', 2, 7.00, 0, NOW()),
(36, 'CHARGER-036', '海淀-16号桩', 2, 7.00, 3, NOW()),
(37, 'CHARGER-037', '海淀-17号桩', 2, 7.00, 1, NOW()),
(38, 'CHARGER-038', '海淀-18号桩', 2, 7.00, 4, NOW()),
(39, 'CHARGER-039', '海淀-19号桩', 2, 7.00, 1, NOW()),
(40, 'CHARGER-040', '海淀-20号快充', 2, 60.00, 1, NOW());

-- === 西城区金融街充电站 (station_id=3, 20台) ===
INSERT INTO charger (id, sn, name, station_id, power, status, last_online_time) VALUES
(41, 'CHARGER-041', '金融街-1号桩',  3, 7.00, 1, NOW()),
(42, 'CHARGER-042', '金融街-2号桩',  3, 7.00, 1, NOW()),
(43, 'CHARGER-043', '金融街-3号桩',  3, 7.00, 1, NOW()),
(44, 'CHARGER-044', '金融街-4号桩',  3, 7.00, 1, NOW()),
(45, 'CHARGER-045', '金融街-5号桩',  3, 7.00, 1, NOW()),
(46, 'CHARGER-046', '金融街-6号桩',  3, 30.00, 1, NOW()),
(47, 'CHARGER-047', '金融街-7号桩',  3, 30.00, 1, NOW()),
(48, 'CHARGER-048', '金融街-8号快充',  3, 60.00, 1, NOW()),
(49, 'CHARGER-049', '金融街-9号快充',  3, 60.00, 1, NOW()),
(50, 'CHARGER-050', '金融街-10号快充', 3, 60.00, 2, NOW()),
(51, 'CHARGER-051', '金融街-11号快充', 3, 60.00, 2, NOW()),
(52, 'CHARGER-052', '金融街-12号桩', 3, 7.00, 0, NOW()),
(53, 'CHARGER-053', '金融街-13号桩', 3, 7.00, 0, NOW()),
(54, 'CHARGER-054', '金融街-14号桩', 3, 7.00, 0, NOW()),
(55, 'CHARGER-055', '金融街-15号桩', 3, 7.00, 3, NOW()),
(56, 'CHARGER-056', '金融街-16号桩', 3, 7.00, 3, NOW()),
(57, 'CHARGER-057', '金融街-17号桩', 3, 7.00, 1, NOW()),
(58, 'CHARGER-058', '金融街-18号桩', 3, 7.00, 1, NOW()),
(59, 'CHARGER-059', '金融街-19号桩', 3, 7.00, 4, NOW()),
(60, 'CHARGER-060', '金融街-20号快充', 3, 60.00, 1, NOW());

-- === 东城区王府井充电站 (station_id=4, 20台) ===
INSERT INTO charger (id, sn, name, station_id, power, status, last_online_time) VALUES
(61, 'CHARGER-061', '王府井-1号桩',  4, 7.00, 1, NOW()),
(62, 'CHARGER-062', '王府井-2号桩',  4, 7.00, 1, NOW()),
(63, 'CHARGER-063', '王府井-3号桩',  4, 7.00, 1, NOW()),
(64, 'CHARGER-064', '王府井-4号桩',  4, 7.00, 1, NOW()),
(65, 'CHARGER-065', '王府井-5号桩',  4, 7.00, 1, NOW()),
(66, 'CHARGER-066', '王府井-6号桩',  4, 7.00, 1, NOW()),
(67, 'CHARGER-067', '王府井-7号桩',  4, 7.00, 1, NOW()),
(68, 'CHARGER-068', '王府井-8号桩',  4, 7.00, 1, NOW()),
(69, 'CHARGER-069', '王府井-9号桩',  4, 7.00, 1, NOW()),
(70, 'CHARGER-070', '王府井-10号快充', 4, 60.00, 1, NOW()),
(71, 'CHARGER-071', '王府井-11号快充', 4, 60.00, 2, NOW()),
(72, 'CHARGER-072', '王府井-12号快充', 4, 60.00, 2, NOW()),
(73, 'CHARGER-073', '王府井-13号桩', 4, 7.00, 0, NOW()),
(74, 'CHARGER-074', '王府井-14号桩', 4, 7.00, 1, NOW()),
(75, 'CHARGER-075', '王府井-15号桩', 4, 7.00, 1, NOW()),
(76, 'CHARGER-076', '王府井-16号桩', 4, 7.00, 3, NOW()),
(77, 'CHARGER-077', '王府井-17号桩', 4, 7.00, 1, NOW()),
(78, 'CHARGER-078', '王府井-18号桩', 4, 7.00, 4, NOW()),
(79, 'CHARGER-079', '王府井-19号桩', 4, 7.00, 1, NOW()),
(80, 'CHARGER-080', '王府井-20号快充', 4, 60.00, 1, NOW());

-- === 丰台区总部基地充电站 (station_id=5, 20台) ===
INSERT INTO charger (id, sn, name, station_id, power, status, last_online_time) VALUES
(81,  'CHARGER-081', '总部基地-1号桩',  5, 7.00, 1, NOW()),
(82,  'CHARGER-082', '总部基地-2号桩',  5, 7.00, 1, NOW()),
(83,  'CHARGER-083', '总部基地-3号桩',  5, 7.00, 1, NOW()),
(84,  'CHARGER-084', '总部基地-4号桩',  5, 7.00, 1, NOW()),
(85,  'CHARGER-085', '总部基地-5号桩',  5, 7.00, 1, NOW()),
(86,  'CHARGER-086', '总部基地-6号桩',  5, 30.00, 1, NOW()),
(87,  'CHARGER-087', '总部基地-7号桩',  5, 30.00, 1, NOW()),
(88,  'CHARGER-088', '总部基地-8号快充',  5, 60.00, 1, NOW()),
(89,  'CHARGER-089', '总部基地-9号快充',  5, 60.00, 1, NOW()),
(90,  'CHARGER-090', '总部基地-10号快充', 5, 60.00, 2, NOW()),
(91,  'CHARGER-091', '总部基地-11号快充', 5, 60.00, 2, NOW()),
(92,  'CHARGER-092', '总部基地-12号桩', 5, 7.00, 0, NOW()),
(93,  'CHARGER-093', '总部基地-13号桩', 5, 7.00, 0, NOW()),
(94,  'CHARGER-094', '总部基地-14号桩', 5, 7.00, 1, NOW()),
(95,  'CHARGER-095', '总部基地-15号桩', 5, 7.00, 1, NOW()),
(96,  'CHARGER-096', '总部基地-16号桩', 5, 7.00, 3, NOW()),
(97,  'CHARGER-097', '总部基地-17号桩', 5, 7.00, 1, NOW()),
(98,  'CHARGER-098', '总部基地-18号桩', 5, 7.00, 1, NOW()),
(99,  'CHARGER-099', '总部基地-19号桩', 5, 7.00, 4, NOW()),
(100, 'CHARGER-100', '总部基地-20号快充', 5, 60.00, 1, NOW());

-- ============================================================
-- 3. 计费规则测试数据
--    ruleType: 1=基础电价, 2=峰谷电价
-- ============================================================

-- 3.1 全局基础电价（station_id=0，兜底规则）
INSERT INTO pricing_rule (id, name, station_id, rule_type, start_time, end_time, electricity_price, service_price, priority, status) VALUES
(1, '全局基础电价', 0, 1, NULL, NULL, 0.8000, 0.5000, 0, 1);

-- 3.2 朝阳区（station_id=1）— 峰谷电价 + 基础电价
INSERT INTO pricing_rule (id, name, station_id, rule_type, start_time, end_time, electricity_price, service_price, priority, status) VALUES
(2, '朝阳-尖峰时段', 1, 2, '10:00:00', '12:00:00', 1.2000, 0.8000, 10, 1),
(3, '朝阳-尖峰时段', 1, 2, '17:00:00', '19:00:00', 1.2000, 0.8000, 10, 1),
(4, '朝阳-高峰时段', 1, 2, '08:00:00', '10:00:00', 1.0000, 0.6000, 9, 1),
(5, '朝阳-高峰时段', 1, 2, '12:00:00', '17:00:00', 1.0000, 0.6000, 9, 1),
(6, '朝阳-平段时段', 1, 2, '06:00:00', '08:00:00', 0.8000, 0.5000, 5, 1),
(7, '朝阳-平段时段', 1, 2, '19:00:00', '22:00:00', 0.8000, 0.5000, 5, 1),
(8, '朝阳-低谷时段', 1, 2, '22:00:00', '06:00:00', 0.5000, 0.3000, 1, 1);

-- 3.3 海淀区（station_id=2）— 基础电价（略高于全局，含服务费折扣）
INSERT INTO pricing_rule (id, name, station_id, rule_type, start_time, end_time, electricity_price, service_price, priority, status) VALUES
(9, '海淀-基础电价', 2, 1, NULL, NULL, 0.8500, 0.4000, 10, 1);

-- 3.4 西城区（station_id=3）— 峰谷电价
INSERT INTO pricing_rule (id, name, station_id, rule_type, start_time, end_time, electricity_price, service_price, priority, status) VALUES
(10, '金融街-尖峰时段', 3, 2, '09:00:00', '12:00:00', 1.3000, 0.8000, 10, 1),
(11, '金融街-尖峰时段', 3, 2, '16:00:00', '19:00:00', 1.3000, 0.8000, 10, 1),
(12, '金融街-高峰时段', 3, 2, '07:00:00', '09:00:00', 1.1000, 0.6000, 9, 1),
(13, '金融街-高峰时段', 3, 2, '12:00:00', '16:00:00', 1.1000, 0.6000, 9, 1),
(14, '金融街-平段时段', 3, 2, '19:00:00', '23:00:00', 0.9000, 0.5000, 5, 1),
(15, '金融街-低谷时段', 3, 2, '23:00:00', '07:00:00', 0.5500, 0.3000, 1, 1);

-- 3.5 东城区（station_id=4）— 基础电价（商业区较高）
INSERT INTO pricing_rule (id, name, station_id, rule_type, start_time, end_time, electricity_price, service_price, priority, status) VALUES
(16, '王府井-基础电价', 4, 1, NULL, NULL, 0.9500, 0.6000, 10, 1);

-- 3.6 丰台区（station_id=5）— 峰谷电价（工业区，谷电便宜）
INSERT INTO pricing_rule (id, name, station_id, rule_type, start_time, end_time, electricity_price, service_price, priority, status) VALUES
(17, '总部基地-高峰时段', 5, 2, '08:00:00', '12:00:00', 0.9500, 0.5000, 10, 1),
(18, '总部基地-高峰时段', 5, 2, '14:00:00', '20:00:00', 0.9500, 0.5000, 10, 1),
(19, '总部基地-平段时段', 5, 2, '06:00:00', '08:00:00', 0.7500, 0.4000, 5, 1),
(20, '总部基地-平段时段', 5, 2, '12:00:00', '14:00:00', 0.7500, 0.4000, 5, 1),
(21, '总部基地-平段时段', 5, 2, '20:00:00', '22:00:00', 0.7500, 0.4000, 5, 1),
(22, '总部基地-低谷时段', 5, 2, '22:00:00', '06:00:00', 0.4500, 0.3000, 1, 1);

-- ============================================================
-- 4. 角色与权限测试数据
-- ============================================================

-- 4.1 角色
INSERT INTO role (id, name, code, description, status) VALUES
(1, '普通用户', 'ROLE_USER',  '使用充电服务的车主', 1),
(2, '运营管理员', 'ROLE_ADMIN', '平台日常运营人员', 1),
(3, '系统管理员', 'ROLE_SYSTEM', '平台系统维护人员', 1);

-- 4.2 权限（菜单级）
INSERT INTO permission (id, name, code, type, parent_id, path, sort) VALUES
(1,  '用户端',     'user',         1, 0, NULL,           1),
(2,  '充电站查询', 'user:station',  1, 1, '/station',     1),
(3,  '充电管理',   'user:charge',   1, 1, '/charge',      2),
(4,  '订单管理',   'user:order',    1, 1, '/order',       3),
(5,  '运营后台',   'admin',         1, 0, NULL,           2),
(6,  '站点管理',   'admin:station', 1, 5, '/admin/station', 1),
(7,  '设备管理',   'admin:charger', 1, 5, '/admin/charger', 2),
(8,  '订单管理',   'admin:order',   1, 5, '/admin/order',   3),
(9,  '计费规则',   'admin:pricing', 1, 5, '/admin/pricing', 4),
(10, '告警管理',   'admin:alarm',   1, 5, '/admin/alarm',   5),
(11, '数据统计',   'admin:stats',   1, 5, '/admin/statistics', 6),
(12, '系统管理',   'system',        1, 0, NULL,           3),
(13, '用户管理',   'system:user',   1, 12, '/system/user',  1),
(14, '角色管理',   'system:role',   1, 12, '/system/role',  2),
(15, '操作日志',   'system:log',    1, 12, '/system/log',   3);

-- 4.3 角色-权限关联
INSERT INTO role_permission (role_id, permission_id) VALUES
(1, 1), (1, 2), (1, 3), (1, 4),                                           -- 普通用户：用户端权限
(2, 1), (2, 2), (2, 3), (2, 4), (2, 5), (2, 6), (2, 7), (2, 8), (2, 9), (2, 10), (2, 11), -- 运营管理员：用户端+运营后台
(3, 1), (3, 2), (3, 3), (3, 4), (3, 5), (3, 6), (3, 7), (3, 8), (3, 9), (3, 10), (3, 11), (3, 12), (3, 13), (3, 14), (3, 15); -- 系统管理员：全部权限

-- ============================================================
-- 5. 测试用户数据（BCrypt 加密密码均为 "123456"）
--    BCrypt hash for "123456": $2a$10$N.zmdr9k7uOCQb376NoUnuTJ8iAt6Z5EHsM8lE9lBOsl7iAt6Z5Eh
--    实际使用的 hash（10轮）:
-- ============================================================
INSERT INTO user (id, phone, password, nickname, plate_no, car_model, status) VALUES
(1, '13800000001', '$2a$10$95kPpnGntwUaWJrQ3/s8PeQBan2EjBZjCSQAjpd6Pho12vp1r0.Ue', '测试用户A', '京A12345', '特斯拉 Model 3', 1),
(2, '13800000002', '$2a$10$95kPpnGntwUaWJrQ3/s8PeQBan2EjBZjCSQAjpd6Pho12vp1r0.Ue', '测试用户B', '京B67890', '比亚迪 汉EV',   1),
(3, '13800000003', '$2a$10$95kPpnGntwUaWJrQ3/s8PeQBan2EjBZjCSQAjpd6Pho12vp1r0.Ue', '管理员C',   NULL,      NULL,            1);

-- 4.4 用户-角色关联
INSERT INTO user_role (user_id, role_id) VALUES
(1, 1),  -- 用户A = 普通用户
(2, 1),  -- 用户B = 普通用户
(3, 1),  -- 管理员C = 普通用户 + 运营管理员
(3, 2);

-- ============================================================
-- 6. 模拟历史订单数据（方便订单列表/统计测试）
-- ============================================================
INSERT INTO charge_order (id, order_no, user_id, charger_id, station_id, start_time, end_time, charged_energy, total_amount, electricity_fee, service_fee, pay_status, order_status, pay_time, version) VALUES
(1, 'ORD1734567890001', 1, 1,  1, '2026-05-25 09:00:00', '2026-05-25 10:30:00', 15.50, 20.15, 12.40, 7.75,  1, 2, '2026-05-25 10:32:00', 1),
(2, 'ORD1734567890002', 1, 11, 1, '2026-05-28 14:00:00', '2026-05-28 15:00:00', 28.00, 36.40, 22.40, 14.00, 1, 2, '2026-05-28 15:02:00', 1),
(3, 'ORD1734567890003', 2, 21, 2, '2026-05-30 08:30:00', '2026-05-30 09:15:00', 8.20,  10.66, 6.97,  3.28,  1, 2, '2026-05-30 09:17:00', 1),
(4, 'ORD1734567890004', 1, 3,  1, '2026-05-31 18:00:00', '2026-05-31 19:20:00', 12.80, 16.64, 10.24, 6.40,  0, 2, NULL,                      0),
(5, 'ORD1734567890005', 2, 41, 3, '2026-05-31 20:00:00', '2026-05-31 21:45:00', 35.00, 45.50, 28.00, 17.50, 1, 2, '2026-05-31 21:47:00', 1);

-- ============================================================
-- 7. 模拟设备日志（最近几天的日志）
-- ============================================================
INSERT INTO device_log (id, charger_id, sn, event_type, content, create_time) VALUES
(1,  1,  'CHARGER-001', 'ONLINE',        '设备上线, 状态: 空闲',                             '2026-05-31 08:00:00'),
(2,  11, 'CHARGER-011', 'ONLINE',        '设备上线, 状态: 空闲',                             '2026-05-31 08:05:00'),
(3,  1,  'CHARGER-001', 'STATUS_CHANGE', '状态变更: 空闲 → 充电中',                          '2026-05-31 18:00:00'),
(4,  1,  'CHARGER-001', 'STATUS_CHANGE', '状态变更: 充电中 → 空闲',                          '2026-05-31 19:20:00'),
(5,  16, 'CHARGER-016', 'FAULT',         '故障上报 - 类型: OVER_TEMP, 级别: 3, 内容: 设备温度过高85℃', '2026-05-30 15:30:00');

-- ============================================================
-- 8. 模拟告警记录
-- ============================================================
INSERT INTO alarm (id, charger_id, station_id, alarm_type, alarm_level, content, status, handler_id, handle_time, handle_note) VALUES
(1, 16, 1, 'OVER_TEMP', 3, '设备温度超过安全阈值，当前温度85℃', 1, 3, '2026-05-30 16:00:00', '已派维修人员现场检修，更换散热风扇'),
(2, 36, 2, 'OFFLINE',   2, '设备通信超时自动离线，最后心跳时间: 2026-05-31 22:30:00', 0, NULL, NULL, NULL),
(3, 55, 3, 'OVER_VOLT', 2, '充电输出电压异常偏高，当前电压: 245V', 0, NULL, NULL, NULL);

-- ============================================================
-- 数据插入完成
-- ============================================================
-- 统计:
--   充电站: 5 个
--   充电桩: 100 台（SN: CHARGER-001 ~ CHARGER-100）
--   计费规则: 22 条（1条全局 + 21条站级）
--   角色: 3 个
--   权限: 15 条
--   测试用户: 3 个（密码均为 123456）
--   历史订单: 5 条
--   设备日志: 5 条
--   告警记录: 3 条
--
-- 测试账号:
--   普通用户A: 13800000001 / 123456
--   普通用户B: 13800000002 / 123456
--   管理员C:   13800000003 / 123456（拥有普通用户+运营管理员权限）
